{"inputs":[["6002000000000000000000000000000000000000000000000000000000000000","d3f9ffef93f5e1439170b97948e833285d588181b64550b829a031e1724e6430","1503000000000000000000000000000000000000000000000000000000000000"]],"pretty_elements":{"rescaled_inputs":[["0.59375","-1.544921875","0.7705078125"]],"inputs":[["0x0000000000000000000000000000000000000000000000000000000000000260","0x30644e72e131a029b85045b68181585d2833e84879b9709143e1f593effff9d3","0x0000000000000000000000000000000000000000000000000000000000000315"]],"processed_inputs":[],"processed_params":[],"processed_outputs":[],"rescaled_outputs":[["-0.8271484375","-0.138671875","0.01171875","-0.263671875","-1.0673828125","0.7138671875","-0.4912109375","0.73828125","-0.240234375","-0.3583984375"]],"outputs":[["0x30644e72e131a029b85045b68181585d2833e84879b9709143e1f593effffcb2","0x30644e72e131a029b85045b68181585d2833e84879b9709143e1f593efffff73","0x000000000000000000000000000000000000000000000000000000000000000c","0x30644e72e131a029b85045b68181585d2833e84879b9709143e1f593effffef3","0x30644e72e131a029b85045b68181585d2833e84879b9709143e1f593effffbbc","0x00000000000000000000000000000000000000000000000000000000000002db","0x30644e72e131a029b85045b68181585d2833e84879b9709143e1f593effffe0a","0x00000000000000000000000000000000000000000000000000000000000002f4","0x30644e72e131a029b85045b68181585d2833e84879b9709143e1f593efffff0b","0x30644e72e131a029b85045b68181585d2833e84879b9709143e1f593effffe92"]]},"outputs":[["b2fcffef93f5e1439170b97948e833285d588181b64550b829a031e1724e6430","73ffffef93f5e1439170b97948e833285d588181b64550b829a031e1724e6430","0c00000000000000000000000000000000000000000000000000000000000000","f3feffef93f5e1439170b97948e833285d588181b64550b829a031e1724e6430","bcfbffef93f5e1439170b97948e833285d588181b64550b829a031e1724e6430","db02000000000000000000000000000000000000000000000000000000000000","0afeffef93f5e1439170b97948e833285d588181b64550b829a031e1724e6430","f402000000000000000000000000000000000000000000000000000000000000","0bffffef93f5e1439170b97948e833285d588181b64550b829a031e1724e6430","92feffef93f5e1439170b97948e833285d588181b64550b829a031e1724e6430"]],"processed_inputs":null,"processed_params":null,"processed_outputs":null,"max_lookup_inputs":0,"min_lookup_inputs":0,"max_range_size":16383,"version":"23.0.3"}